Id,SalePrice
1461,125162.54
1462,155540.97066666666
1463,183841.08533333332
1464,180189.308
1465,211299.376
1466,181208.484
1467,162870.59066666666
1468,173883.54266666668
1469,182470.07466666665
1470,119898.68133333333
1471,206008.644
1472,93133.14666666667
1473,95167.75733333333
1474,153905.61866666668
1475,161961.36266666665
1476,367103.98
1477,258508.444
1478,297856.6986666667
1479,264323.8933333333
1480,419098.396
1481,321449.592
1482,218029.35066666667
1483,172401.816
1484,175798.96
1485,173777.612
1486,188566.872
1487,345325.55466666666
1488,246573.68533333333
1489,210257.31466666667
1490,200016.44
1491,191007.95466666666
1492,94120.48533333333
1493,177701.27333333335
1494,308619.708
1495,306606.5146666667
1496,234006.408
1497,183675.364
1498,156972.69333333333
1499,155652.05333333334
1500,153223.32266666667
1501,170506.548
1502,173143.48133333333
1503,299555.5333333333
1504,237541.16933333332
1505,228490.56
1506,178902.57333333333
1507,205990.70133333333
1508,193211.14
1509,163932.20133333333
1510,155925.66666666666
1511,153510.35333333333
1512,170801.756
1513,148604.58133333334
1514,159427.68666666668
1515,171575.9
1516,159992.91333333333
1517,148079.70266666668
1518,130512.28933333333
1519,235221.78266666667
1520,139170.844
1521,143664.64533333332
1522,160381.02
1523,114186.89883333334
1524,119125.48416666666
1525,125750.16266666667
1526,122942.84933333333
1527,102002.004
1528,128131.62266666666
1529,145524.77333333335
1530,167694.13466666668
1531,127625.21333333333
1532,112033.84666666666
1533,145996.704
1534,114370.284
1535,155446.92666666667
1536,116840.512
1537,77147.868
1538,208063.04533333334
1539,273895.29066666664
1540,122244.72666666667
1541,153456.896
1542,153026.98133333333
1543,229086.42666666667
1544,83915.16533333334
1545,102727.012
1546,115246.15733333334
1547,144519.592
1548,144355.66266666667
1549,111309.93333333333
1550,149804.94933333332
1551,117408.204
1552,143981.53333333333
1553,154451.79066666667
1554,112616.26933333333
1555,174516.02533333332
1556,86703.00933333334
1557,133430.348
1558,90870.71866666667
1559,120704.56533333333
1560,150180.27466666666
1561,152257.22133333332
1562,128254.42933333333
1563,121459.65333333334
1564,165135.84666666668
1565,153460.06533333333
1566,212698.43866666665
1567,81758.356
1568,216044.86133333333
1569,153339.44
1570,127751.34533333333
1571,135212.00666666665
1572,144863.6
1573,237136.15333333332
1574,126715.28933333333
1575,221464.592
1576,203438.37733333334
1577,202016.96533333333
1578,160764.72
1579,141971.484
1580,191795.104
1581,139931.53466666667
1582,129463.7
1583,329262.53866666666
1584,245151.46133333334
1585,137245.388
1586,82599.628
1587,101037.7
1588,145499.948
1589,98295.872
1590,136297.26266666668
1591,110309.18622222221
1592,122914.836
1593,114538.46666666666
1594,144131.27866666668
1595,121891.90133333333
1596,234801.35333333333
1597,182481.56133333335
1598,177669.412
1599,215971.128
1600,212453.31066666666
1601,89402.57733333333
1602,113371.39466666666
1603,97306.792
1604,284428.5733333333
1605,253502.428
1606,168143.06533333333
1607,159981.57733333332
1608,210727.23466666666
1609,193364.54133333333
1610,164694.86933333334
1611,150508.64
1612,170592.168
1613,166204.81866666666
1614,125683.064
1615,94086.88266666667
1616,84542.856
1617,93097.316
1618,128917.976
1619,128430.27066666666
1620,161221.42
1621,131997.19866666666
1622,157527.22933333332
1623,297107.52533333335
1624,204553.528
1625,125415.492
1626,172748.63733333335
1627,189468.08666666667
1628,293280.25333333336
1629,178460.564
1630,337674.26
1631,231654.04133333333
1632,250185.584
1633,172894.472
1634,182468.77466666666
1635,181483.096
1636,153630.38533333334
1637,180670.32666666666
1638,224854.21066666668
1639,174279.776
1640,249273.44533333334
1641,179986.00533333333
1642,230076.19866666666
1643,233125.66133333332
1644,235931.972
1645,182506.81866666666
1646,150394.34266666666
1647,165414.49866666668
1648,145181.27066666668
1649,140811.64533333332
1650,122324.464
1651,125120.9535
1652,93348.09466666667
1653,97933.95066666667
1654,157813.77733333333
1655,167259.78533333333
1656,153735.768
1657,154217.784
1658,157121.10533333334
1659,163086.12
1660,144572.94933333332
1661,434300.3466666667
1662,384548.69066666666
1663,362144.38666666666
1664,412985.94266666664
1665,305068.75333333336
1666,344961.628
1667,352162.86933333334
1668,322651.54133333336
1669,298927.376
1670,336527.99466666667
1671,262256.7413333333
1672,431535.884
1673,301282.29466666665
1674,258409.11466666666
1675,175329.288
1676,176645.26933333333
1677,205644.864
1678,414119.34133333334
1679,383947.92
1680,315451.8626666667
1681,276151.17733333335
1682,304163.3053333333
1683,188445.67733333333
1684,170436.62
1685,173593.83466666666
1686,168735.19066666666
1687,171351.172
1688,184476.76933333333
1689,186667.43333333332
1690,185722.51866666667
1691,181966.236
1692,284863.5893333333
1693,172187.98
1694,183100.304
1695,170661.47066666666
1696,259437.23333333334
1697,171531.24933333334
1698,348755.3013333333
1699,335342.028
1700,249505.38
1701,264141.272
1702,254782.13733333335
1703,255712.13066666666
1704,296190.43333333335
1705,237762.924
1706,390751.82266666665
1707,227981.62
1708,218223.844
1709,284613.8026666667
1710,234976.048
1711,273246.48
1712,241851.11066666667
1713,254320.55333333334
1714,233227.55866666668
1715,195833.59066666666
1716,183064.01066666667
1717,170779.20666666667
1718,145655.43066666665
1719,203080.504
1720,255457.384
1721,175648.33066666668
1722,142683.43733333334
1723,153788.84666666668
1724,219252.19333333333
1725,237181.25866666666
1726,183356.96933333334
1727,168835.46266666666
1728,190135.51733333332
1729,170887.75066666666
1730,158793.11333333334
1731,121410.59066666667
1732,129480.368
1733,125306.876
1734,131712.29866666667
1735,132351.16666666666
1736,115259.25733333333
1737,365051.71866666665
1738,216669.86533333332
1739,250347.08266666665
1740,185496.188
1741,176238.41466666668
1742,171409.692
1743,175412.92266666668
1744,308190.3626666667
1745,240172.15866666666
1746,268951.38666666666
1747,229831.852
1748,193952.696
1749,164600.53733333334
1750,149750.732
1751,237817.79333333333
1752,122263.11066666666
1753,144163.148
1754,224357.65733333334
1755,169791.42266666668
1756,121634.388
1757,119856.06266666666
1758,147247.53466666667
1759,167088.64133333333
1760,159384.69333333333
1761,155493.26533333334
1762,173096.94133333332
1763,162637.36133333333
1764,116426.27333333333
1765,166652.66666666666
1766,173404.52933333334
1767,192211.868
1768,139174.03333333333
1769,168424.21066666668
1770,141384.536
1771,135417.68666666668
1772,134519.912
1773,138751.024
1774,128290.34
1775,131678.90266666666
1776,115183.84533333333
1777,119818.116
1778,130245.396
1779,115057.96666666666
1780,177579.40933333334
1781,127827.308
1782,108111.76933333333
1783,128003.22311111112
1784,99396.07733333333
1785,116328.26133333333
1786,139740.952
1787,173102.04933333333
1788,80182.60133333334
1789,92760.66933333334
1790,97164.01483333333
1791,171611.448
1792,157249.788
1793,132345.91866666666
1794,142527.33466666666
1795,140833.12933333335
1796,116971.97733333333
1797,104168.89733333333
1798,128076.752
1799,115614.09333333334
1800,116333.94533333334
1801,136094.94933333332
1802,153220.448
1803,151729.28
1804,139196.21066666668
1805,135948.7
1806,114484.64283333333
1807,150183.32666666666
1808,117276.388
1809,138198.27066666668
1810,145494.45866666667
1811,122816.01066666667
1812,118587.184
1813,121489.45083333334
1814,106024.51733333334
1815,75323.644
1816,102185.90283333333
1817,122623.668
1818,143261.04133333333
1819,117638.59777777779
1820,85922.212
1821,130545.06533333333
1822,149179.044
1823,60444.65066666667
1824,140695.14933333333
1825,143703.87733333334
1826,98950.992
1827,110398.72577777777
1828,139844.89466666666
1829,112993.248
1830,141049.968
1831,175269.84
1832,115469.096
1833,151939.40266666666
1834,142244.92533333335
1835,172236.33333333334
1836,135291.78533333333
1837,111648.936
1838,142626.892
1839,93310.952
1840,145108.59733333334
1841,141599.95866666667
1842,84876.512
1843,144636.892
1844,123186.924
1845,140657.07333333333
1846,145047.624
1847,151634.476
1848,76762.41066666666
1849,123136.57866666667
1850,129854.55733333333
1851,152688.48133333333
1852,126448.34266666666
1853,140506.92666666667
1854,188382.64266666668
1855,137263.79866666667
1856,217656.388
1857,160885.24
1858,139977.572
1859,123575.116
1860,146368.184
1861,122711.06
1862,251559.48
1863,251157.15733333334
1864,251157.15733333334
1865,318541.824
1866,319650.4986666667
1867,248358.11333333334
1868,297127.1386666667
1869,193040.00666666665
1870,258583.56933333335
1871,251337.91066666666
1872,174511.81733333334
1873,225859.12133333334
1874,140220.844
1875,214848.85333333333
1876,198811.43733333334
1877,211887.43866666665
1878,219195.65066666665
1879,132692.27733333333
1880,136253.78133333335
1881,241551.296
1882,265460.41333333333
1883,196085.436
1884,218444.704
1885,262385.96533333336
1886,297761.19066666666
1887,203115.76533333334
1888,291027.9666666667
1889,170826.21333333335
1890,139841.91733333335
1891,139734.428
1892,113067.312
1893,136630.98533333334
1894,128149.09866666667
1895,151862.212
1896,119583.16666666667
1897,112800.56
1898,105100.30533333334
1899,126824.78933333333
1900,163401.064
1901,164315.80266666666
1902,134812.86666666667
1903,222618.44266666667
1904,134118.92533333335
1905,176990.59333333332
1906,160912.552
1907,198814.03066666666
1908,110826.83066666666
1909,129365.89866666666
1910,120320.54844444446
1911,200880.27866666668
1912,267989.632
1913,151625.13733333335
1914,65141.69066666667
1915,320200.03466666664
1916,79597.37866666667
1917,269694.16
1918,134191.212
1919,152521.008
1920,155462.87866666666
1921,394690.20933333336
1922,337077.404
1923,193463.888
1924,244561.68933333334
1925,235479.37866666666
1926,366916.564
1927,136304.03333333333
1928,167412.204
1929,126390.328
1930,123133.624
1931,138869.02133333334
1932,130420.23216666667
1933,171956.572
1934,178981.37333333332
1935,176607.34133333334
1936,188151.93333333332
1937,185727.67066666667
1938,166692.20933333333
1939,248900.748
1940,213914.88666666666
1941,180850.148
1942,192483.684
1943,207785.47733333334
1944,316370.03733333334
1945,345584.948
1946,149928.65466666667
1947,298830.208
1948,166137.82133333333
1949,242687.21866666665
1950,181316.55866666668
1951,266517.86666666664
1952,227830.752
1953,161757.23466666666
1954,221529.42666666667
1955,127505.6432777778
1956,264215.872
1957,152691.42933333333
1958,315466.736
1959,144116.55333333334
1960,115710.23733333334
1961,118897.148
1962,95476.19466666666
1963,103518.36
1964,110814.21333333333
1965,157744.85866666667
1966,167234.67333333334
1967,294817.7613333333
1968,396063.0306666667
1969,364625.9373333333
1970,401488.0746666667
1971,414055.704
1972,347838.33866666665
1973,280079.2573333333
1974,318610.9733333333
1975,423026.99733333336
1976,285393.92133333336
1977,378776.496
1978,365171.31333333335
1979,321604.6373333333
1980,196851.79866666667
1981,332894.744
1982,237715.712
1983,225528.35733333332
1984,167756.008
1985,213737.464
1986,214642.424
1987,177766.93466666667
1988,176136.17333333334
1989,184221.26666666666
1990,223546.19733333334
1991,207468.16133333332
1992,211399.14533333332
1993,178842.90666666668
1994,234492.424
1995,181057.80666666667
1996,266403.3466666667
1997,322933.944
1998,346937.876
1999,257118.112
2000,306880.76666666666
2001,268948.6213333333
2002,237746.492
2003,261040.46533333333
2004,266960.88933333335
2005,229624.092
2006,230690.85333333333
2007,251311.39866666668
2008,213961.30533333332
2009,189187.76266666668
2010,189770.508
2011,151312.85333333333
2012,186362.376
2013,180912.32266666667
2014,187311.672
2015,193601.216
2016,190543.16533333334
2017,200541.21466666667
2018,126020.152
2019,137149.70933333333
2020,111663.16933333334
2021,116430.80133333334
2022,178793.92533333335
2023,147748.848
2024,202609.75333333333
2025,342657.592
2026,177423.56133333335
2027,150711.88666666666
2028,163118.88933333333
2029,168909.676
2030,277398.5746666667
2031,266254.41333333333
2032,272458.244
2033,272784.4066666667
2034,166583.004
2035,204238.32266666667
2036,187961.88666666666
2037,192731.28
2038,307233.0426666667
2039,213752.15466666667
2040,395503.016
2041,285034.968
2042,204658.96666666667
2043,169435.18533333333
2044,168167.416
2045,229115.424
2046,137271.70666666667
2047,153400.47333333333
2048,134012.52933333334
2049,135178.14133333333
2050,166934.10133333332
2051,102532.84533333333
2052,136009.388
2053,143674.6
2054,92492.54533333333
2055,161068.32666666666
2056,130256.93066666667
2057,125064.46133333334
2058,202631.508
2059,129480.91466666666
2060,171140.89733333333
2061,170847.15066666665
2062,138517.86666666667
2063,111692.168
2064,138340.40666666668
2065,111984.35066666667
2066,168526.544
2067,146693.624
2068,135329.00266666667
2069,85666.424
2070,109983.39733333333
2071,105952.2
2072,132704.05733333333
2073,130849.148
2074,186209.34
2075,144624.53333333333
2076,119065.41083333333
2077,152039.108
2078,131290.07466666665
2079,128115.15066666667
2080,116027.1935
2081,118484.004
2082,128979.164
2083,146441.88666666666
2084,114340.7855
2085,135269.11733333333
2086,114306.87866666667
2087,119387.19111111113
2088,105992.78133333333
2089,92493.32
2090,139800.47866666666
2091,132223.48533333334
2092,137162.28133333335
2093,136795.03066666666
2094,150850.56133333335
2095,151792.632
2096,83366.928
2097,102725.328
2098,147796.22933333332
2099,74970.54533333333
2100,130154.568
2101,133103.52
2102,159362.44133333332
2103,105468.82666666666
2104,135869.82
2105,140223.20933333333
2106,79406.068
2107,239520.20133333333
2108,119998.02444444445
2109,118274.25083333334
2110,120687.60666666667
2111,152461.364
2112,138394.44533333334
2113,121688.55866666666
2114,108634.24933333334
2115,161837.81333333332
2116,116151.912
2117,153338.89333333334
2118,118931.88133333334
2119,110359.352
2120,111573.96933333333
2121,112298.53616666667
2122,109298.412
2123,89032.14533333333
2124,206948.49066666668
2125,135156.57733333332
2126,156346.8
2127,150828.524
2128,136088.572
2129,110071.616
2130,145606.60266666667
2131,146862.264
2132,117219.40177777779
2133,116156.572
2134,118498.752
2135,105696.21333333333
2136,88107.94533333334
2137,121819.016
2138,136157.58933333334
2139,143589.44933333332
2140,137391.15733333334
2141,127417.85733333333
2142,138478.99466666667
2143,140630.34266666666
2144,113486.084
2145,135521.26666666666
2146,138558.50666666665
2147,160052.37333333332
2148,122682.24133333334
2149,131571.85466666668
2150,221333.63733333335
2151,158165.95066666667
2152,168570.00133333332
2153,156311.56266666666
2154,110876.59066666667
2155,123491.772
2156,204414.05466666666
2157,246983.316
2158,238523.168
2159,230689.128
2160,175260.168
2161,254714.83733333333
2162,393957.11333333334
2163,328923.8346666667
2164,261570.53733333334
2165,177664.24
2166,142550.8
2167,214738.29066666667
2168,210714.91066666666
2169,195442.788
2170,221942.196
2171,138486.49066666668
2172,140930.21066666668
2173,164271.72666666665
2174,253715.54
2175,301782.9266666667
2176,323990.71866666665
2177,247807.60266666667
2178,223739.24266666666
2179,145604.084
2180,194834.50933333332
2181,197544.24533333333
2182,228886.536
2183,202424.48666666666
2184,137441.75733333334
2185,121223.41866666666
2186,144801.212
2187,144102.16666666666
2188,160343.94133333332
2189,181904.90266666666
2190,93395.156
2191,95857.46933333333
2192,97367.33466666666
2193,98361.024
2194,99167.424
2195,113724.184
2196,106045.156
2197,113920.94666666667
2198,163442.74666666667
2199,157186.84666666668
2200,124569.25466666666
2201,126881.76133333333
2202,207526.06133333335
2203,153273.50533333333
2204,179702.70533333335
2205,104993.45333333334
2206,133238.112
2207,227554.628
2208,226822.584
2209,181480.89866666668
2210,116317.42666666667
2211,115703.93883333333
2212,110798.5206111111
2213,107616.93483333333
2214,145559.81866666666
2215,103554.728
2216,154047.97466666668
2217,81583.54933333333
2218,81824.18266666666
2219,70835.372
2220,85386.708
2221,320165.6826666667
2222,247000.07866666667
2223,265493.13333333336
2224,215372.33333333334
2225,140334.276
2226,182071.74
2227,194109.15866666666
2228,280280.15866666666
2229,241641.576
2230,165414.6
2231,209636.54133333333
2232,174924.21066666668
2233,167696.852
2234,253779.87866666666
2235,193928.104
2236,268278.072
2237,353149.36666666664
2238,206965.94933333332
2239,138918.148
2240,159441.32266666667
2241,152549.352
2242,138951.06666666668
2243,150506.22933333332
2244,104352.29866666667
2245,97470.224
2246,143587.44133333332
2247,107415.06933333333
2248,126466.35466666667
2249,128441.944
2250,136193.544
2251,127464.12
2252,174033.04533333334
2253,153559.55333333334
2254,178739.112
2255,190563.01066666667
2256,181351.78
2257,189829.14
2258,176383.77866666668
2259,179027.20933333333
2260,150327.812
2261,204801.45333333334
2262,219284.84533333333
2263,326559.90266666666
2264,428157.4826666667
2265,170530.53333333333
2266,279231.69066666666
2267,346393.71866666665
2268,377281.132
2269,163027.13466666668
2270,188999.02933333334
2271,233765.36533333332
2272,203830.39333333334
2273,161765.88666666666
2274,175102.432
2275,159613.99733333333
2276,174922.12666666668
2277,173806.81333333332
2278,158633.644
2279,125101.43466666667
2280,118399.81244444445
2281,173399.84533333333
2282,176020.30666666667
2283,97307.46133333334
2284,110723.61111111111
2285,166554.77066666668
2286,129093.38533333334
2287,330074.53733333334
2288,262547.064
2289,368850.996
2290,396489.20266666665
2291,315455.81333333335
2292,397308.968
2293,416004.8506666667
2294,391643.0733333333
2295,411197.8
2296,284500.2573333333
2297,314372.61066666665
2298,316018.932
2299,365102.36
2300,320303.844
2301,287216.6186666667
2302,239284.13866666667
2303,246822.17066666667
2304,244127.564
2305,171120.49466666667
2306,171536.48
2307,174560.65333333332
2308,242271.09066666666
2309,281593.64
2310,232095.968
2311,197443.608
2312,172849.66666666666
2313,175860.576
2314,177958.056
2315,172981.91333333333
2316,176433.06133333335
2317,175343.63733333335
2318,172116.21466666667
2319,175686.96266666666
2320,176168.99466666667
2321,264181.948
2322,170737.41866666666
2323,184725.72666666665
2324,167307.81333333332
2325,220804.91466666668
2326,169866.07866666667
2327,209110.54666666666
2328,224219.82533333334
2329,185447.74533333333
2330,181133.69333333333
2331,350416.88933333335
2332,374976.496
2333,312760.776
2334,252273.59466666667
2335,271893.7893333333
2336,328663.78533333336
2337,211782.09733333334
2338,284463.90533333336
2339,236151.71333333335
2340,372593.0266666667
2341,232970.11866666668
2342,241218.90933333334
2343,229495.64933333333
2344,235937.59866666666
2345,246071.156
2346,227904.82133333333
2347,205111.528
2348,234636.2
2349,162398.40133333334
2350,294895.06666666665
2351,261703.42266666668
2352,246031.66133333332
2353,202525.108
2354,144730.91333333333
2355,170937.06666666668
2356,149760.32133333333
2357,209978.008
2358,193333.19466666668
2359,123114.77644444443
2360,120629.97661111112
2361,140571.22266666667
2362,264802.94533333334
2363,138901.95866666667
2364,146753.25066666666
2365,233003.912
2366,206207.024
2367,230078.548
2368,203283.16133333332
2369,237081.05333333334
2370,167836.456
2371,165167.16133333332
2372,193586.568
2373,283017.516
2374,285858.1
2375,241447.09866666666
2376,274967.428
2377,343995.524
2378,135406.58044444447
2379,187212.844
2380,139352.47066666666
2381,166707.89333333334
2382,177172.584
2383,223953.43333333332
2384,248808.172
2385,150579.64133333333
2386,143372.064
2387,135121.86133333333
2388,101301.08
2389,126281.524
2390,131218.712
2391,132725.56
2392,114340.62533333333
2393,165319.09066666666
2394,141507.20933333333
2395,187904.83466666666
2396,154872.268
2397,186105.304
2398,124530.62666666666
2399,81055.68
2400,78992.17866666666
2401,121468.59066666667
2402,136603.59466666667
2403,131218.81066666666
2404,140554.9
2405,155828.356
2406,133678.1
2407,126404.90133333333
2408,136992.92533333335
2409,138149.27333333335
2410,160833.03333333333
2411,121062.7
2412,158588.91466666668
2413,138478.184
2414,130028.172
2415,129804.87733333334
2416,121512.96533333333
2417,129896.68
2418,124043.84
2419,127711.6
2420,125734.53466666667
2421,154019.74
2422,118588.152
2423,141996.63866666667
2424,148055.156
2425,178019.304
2426,127668.632
2427,145677.87066666665
2428,186334.992
2429,115529.50711111112
2430,125959.99733333333
2431,111866.72133333333
2432,138578.33333333334
2433,142229.012
2434,145005.47333333333
2435,151214.87733333334
2436,104443.99333333333
2437,112342.33066666666
2438,120495.32133333334
2439,113221.12016666666
2440,118425.8135
2441,103347.07066666667
2442,107350.16177777777
2443,115153.084
2444,128635.9817777778
2445,89708.3
2446,135441.37733333334
2447,219428.62933333335
2448,142781.10666666666
2449,113649.464
2450,153177.07333333333
2451,126088.17333333334
2452,210999.72533333334
2453,97289.37866666667
2454,136933.04133333333
2455,99703.53466666667
2456,148187.46933333334
2457,116413.20533333333
2458,107216.672
2459,113214.17333333334
2460,147855.528
2461,116647.116
2462,136988.808
2463,115567.3775
2464,165890.132
2465,127760.25111111111
2466,115979.6695
2467,163065.772
2468,88601.35066666667
2469,88511.46666666666
2470,183014.16266666667
2471,194307.56666666668
2472,164254.976
2473,119964.80266666667
2474,111784.63866666667
2475,226956.468
2476,106619.49066666666
2477,130177.52533333334
2478,161331.48133333333
2479,113697.62266666666
2480,134290.95333333334
2481,124143.176
2482,133365.892
2483,116796.144
2484,121392.136
2485,121337.10266666667
2486,148845.87866666666
2487,177038.41066666666
2488,171781.432
2489,139846.02933333334
2490,147584.00933333332
2491,91589.53733333333
2492,189806.4
2493,135245.34133333334
2494,165035.248
2495,100592.33866666666
2496,214761.55733333333
2497,152907.5
2498,117681.216
2499,92157.756
2500,136702.58533333332
2501,131510.836
2502,148686.312
2503,101746.01066666667
2504,176357.62533333333
2505,218628.192
2506,256639.38933333333
2507,316715.32666666666
2508,256321.26533333334
2509,227591.47866666666
2510,245007.212
2511,187324.692
2512,216213.23466666666
2513,226203.964
2514,249183.27333333335
2515,143395.98666666666
2516,151426.52533333332
2517,134962.47733333334
2518,144808.13333333333
2519,224043.836
2520,210425.06933333335
2521,191647.908
2522,219158.30666666667
2523,134880.828
2524,138641.68266666666
2525,143359.004
2526,137842.63066666666
2527,110671.436
2528,128858.252
2529,133448.856
2530,113702.916
2531,243050.60533333334
2532,231879.972
2533,197685.47333333333
2534,239408.48
2535,290234.85333333333
2536,238661.85733333332
2537,235578.40266666666
2538,192777.02266666666
2539,193635.88533333334
2540,170873.68933333334
2541,181121.912
2542,168856.96266666666
2543,129003.656
2544,137223.35733333332
2545,127875.588
2546,145888.304
2547,137472.63333333333
2548,158646.852
2549,172978.02666666667
2550,372564.67466666666
2551,141108.444
2552,121748.20133333333
2553,92405.55733333333
2554,116040.77066666666
2555,108139.08816666667
2556,109430.95466666667
2557,121535.588
2558,157105.28
2559,143300.54
2560,122998.836
2561,160692.80933333334
2562,139119.73866666667
2563,150326.284
2564,169703.51466666666
2565,121598.91066666666
2566,151328.31733333334
2567,130109.38666666667
2568,189259.17066666667
2569,193833.23866666667
2570,113956.27066666666
2571,164697.68
2572,196650.55066666668
2573,241706.64
2574,307196.88666666666
2575,122178.74416666667
2576,137716.24666666667
2577,161420.54666666666
2578,103674.124
2579,88505.296
2580,145654.228
2581,135779.06933333335
2582,121025.58533333334
2583,276125.2613333333
2584,159147.15733333334
2585,181253.61466666666
2586,211670.47466666668
2587,213224.10266666667
2588,171299.90933333334
2589,140389.6
2590,225960.72533333334
2591,197203.392
2592,236960.07733333332
2593,255050.90666666668
2594,179799.376
2595,208720.52
2596,331833.628
2597,179034.488
2598,262038.84266666666
2599,313114.35333333333
2600,153514.79466666665
2601,130211.14533333333
2602,88577.53866666666
2603,95871.81466666667
2604,95060.22
2605,89213.32
2606,140286.3
2607,173476.81733333334
2608,183962.488
2609,167191.02
2610,119753.08533333334
2611,151634.07066666667
2612,154833.99733333333
2613,127779.17733333334
2614,123962.24666666667
2615,150167.44933333332
2616,135934.70933333333
2617,163086.188
2618,177819.94933333332
2619,231531.21333333335
2620,180814.408
2621,185254.71333333335
2622,185409.74133333334
2623,255864.98133333333
2624,258934.156
2625,313110.4733333333
2626,157826.72
2627,200887.23066666667
2628,411953.8333333333
2629,518144.01066666667
2630,341789.13066666666
2631,416795.644
2632,406952.64
2633,296454.57866666664
2634,367376.7133333333
2635,143945.15466666667
2636,193230.12
2637,178198.93866666665
2638,250546.148
2639,181969.65333333332
2640,149788.376
2641,104655.79066666667
2642,187257.184
2643,97688.38266666667
2644,127134.44666666667
2645,100414.76
2646,93172.49466666667
2647,99112.89333333333
2648,138282.50133333332
2649,147251.14266666668
2650,164989.432
2651,155819.332
2652,394192.1693333333
2653,256431.052
2654,244954.50266666667
2655,357137.43466666667
2656,339657.232
2657,320055.0
2658,292690.272
2659,299317.76666666666
2660,318543.4066666667
2661,333944.46533333336
2662,340412.476
2663,284103.58533333335
2664,280197.0146666667
2665,315173.65733333334
2666,280744.1026666667
2667,171050.49733333333
2668,179876.4
2669,171282.32133333333
2670,287197.124
2671,181315.9
2672,175074.22266666667
2673,202809.992
2674,197404.68666666668
2675,168930.88666666666
2676,184824.98133333333
2677,192312.15066666665
2678,255746.04133333333
2679,279843.032
2680,278690.7253333333
2681,393356.64
2682,336904.372
2683,468904.78533333336
2684,310026.35466666665
2685,349863.76933333336
2686,262720.9226666667
2687,344166.62666666665
2688,232000.188
2689,223755.56933333335
2690,407504.76533333334
2691,183882.45333333334
2692,144409.832
2693,204244.4
2694,145115.15333333332
2695,190840.69333333333
2696,187032.12666666668
2697,190534.11066666667
2698,192909.72266666667
2699,182131.11866666668
2700,162223.70133333333
2701,145553.41377777778
2702,114492.80533333334
2703,143868.452
2704,140114.23066666667
2705,126523.928
2706,118953.19111111113
2707,123143.68177777779
2708,133552.13066666666
2709,109854.652
2710,124194.836
2711,280107.16
2712,366552.0173333333
2713,178063.25333333333
2714,152992.892
2715,167586.148
2716,176556.72666666665
2717,184703.55866666668
2718,240685.83866666668
2719,158279.132
2720,170264.308
2721,141627.07866666667
2722,170330.69066666666
2723,142480.95466666666
2724,126941.5
2725,137509.54533333334
2726,147566.96533333333
2727,174954.60133333332
2728,166335.148
2729,158790.20266666668
2730,146889.88266666667
2731,117196.452
2732,117980.428
2733,157225.79866666667
2734,144554.132
2735,134148.06666666668
2736,145223.72933333332
2737,123103.54266666666
2738,132238.76133333333
2739,156879.752
2740,132531.32
2741,147902.88933333333
2742,151019.84533333333
2743,148385.53466666667
2744,145784.74666666667
2745,138104.172
2746,133082.15733333334
2747,150359.744
2748,118198.82933333333
2749,125857.30933333334
2750,137197.78533333333
2751,127615.632
2752,235550.50666666665
2753,154752.52533333332
2754,182799.68933333334
2755,123005.40933333333
2756,105065.744
2757,79795.35866666667
2758,92859.932
2759,152932.99466666667
2760,135203.144
2761,143379.35733333332
2762,149922.72533333334
2763,179146.33333333334
2764,178776.86266666665
2765,259700.47733333334
2766,146144.94266666667
2767,89989.30533333334
2768,129345.292
2769,125595.276
2770,166349.992
2771,121312.712
2772,128774.84933333333
2773,151643.772
2774,135355.54533333334
2775,130643.10133333334
2776,144260.216
2777,163594.74933333334
2778,146849.28133333335
2779,128629.284
2780,106030.388
2781,106904.19733333333
2782,99276.66666666667
2783,106148.38133333334
2784,129303.33333333333
2785,138709.204
2786,85459.64133333333
2787,114354.2055
2788,96129.66133333334
2789,216527.83066666668
2790,95831.832
2791,118698.38933333334
2792,81385.82666666666
2793,173657.28533333333
2794,108574.00933333334
2795,114043.96594444446
2796,108295.77733333333
2797,173284.03066666666
2798,123839.808
2799,116258.00933333334
2800,83030.78266666667
2801,112356.30933333334
2802,140484.65733333334
2803,150299.21466666667
2804,143352.85333333333
2805,92412.604
2806,96276.49866666667
2807,173212.62666666668
2808,143832.06
2809,128232.75466666666
2810,139924.59733333334
2811,153575.12266666666
2812,140944.73333333334
2813,151389.73333333334
2814,159402.208
2815,95080.22
2816,246591.064
2817,129375.144
2818,128933.43066666667
2819,176521.48266666668
2820,134452.62266666666
2821,99992.95866666667
2822,174698.34266666666
2823,208002.808
2824,174855.34666666668
2825,157045.34933333335
2826,137841.98266666668
2827,148483.688
2828,198345.22933333332
2829,169259.71866666665
2830,226494.03866666666
2831,187995.89733333333
2832,223558.728
2833,289917.11466666666
2834,215487.78933333332
2835,225867.16133333332
2836,194750.812
2837,177236.38133333332
2838,147007.256
2839,182428.284
2840,201155.548
2841,207774.80666666667
2842,219768.3
2843,151348.736
2844,151265.31466666667
2845,123535.468
2846,215439.45066666667
2847,200283.0
2848,224661.524
2849,214145.59333333332
2850,292155.14
2851,245753.788
2852,233133.972
2853,246249.28933333332
2854,138249.12133333334
2855,206407.36266666665
2856,207201.89333333334
2857,189338.30666666667
2858,202128.73866666667
2859,146987.04533333334
2860,129602.16133333334
2861,130768.24
2862,190859.46
2863,131324.43066666665
2864,260263.12
2865,141200.224
2866,137544.68533333333
2867,100430.61466666666
2868,109309.69066666666
2869,122420.668
2870,159881.59866666666
2871,109569.19733333333
2872,70929.73066666667
2873,105001.06133333333
2874,146449.108
2875,108112.02133333334
2876,170288.58
2877,145212.26533333334
2878,161951.40933333334
2879,151130.228
2880,96652.48533333333
2881,154080.98533333334
2882,163934.112
2883,170831.44133333332
2884,179189.38933333333
2885,175708.71333333335
2886,189585.008
2887,101145.6
2888,122329.29466666667
2889,79145.0
2890,93352.25466666666
2891,137792.804
2892,69751.06533333333
2893,118397.49866666667
2894,68248.38533333334
2895,311381.21466666664
2896,295936.0333333333
2897,190482.088
2898,141400.512
2899,233884.74133333334
2900,157511.51333333334
2901,178646.62666666668
2902,184926.204
2903,342171.58
2904,334704.8653333333
2905,126457.40933333333
2906,205633.21866666665
2907,114347.24666666667
2908,126803.344
2909,142578.02666666667
2910,94331.65733333334
2911,87904.59066666667
2912,156924.68666666668
2913,91172.40266666666
2914,84988.31466666667
2915,89034.36133333333
2916,87880.48666666666
2917,150893.46266666666
2918,126199.61955555556
2919,238979.80266666666
